step,train_loss,train_mean_token_accuracy,train_error_rate,valid_loss,valid_mean_token_accuracy,valid_error_rate,full_valid_loss,full_valid_mean_token_accuracy,full_valid_error_rate,timestamp
1,10.16711711883545,0.4000000059604645,,8.555203056335449,0.4,,,,,2025-10-25T16:55:36.9120000Z
2,8.960275650024414,0.6000000238418579,,10.401637268066406,0.4,,,,,2025-10-25T16:55:38.2490000Z
3,10.596221923828125,0.4000000059604645,,8.39293975830078,0.4,,,,,2025-10-25T16:55:39.5780000Z
4,9.099634170532227,0.4000000059604645,,8.293261337280274,0.4,,,,,2025-10-25T16:55:40.9140000Z
5,8.192716598510742,0.4000000059604645,,10.063341903686524,0.4,,,,,2025-10-25T16:55:42.2370000Z
6,9.143938064575195,0.4000000059604645,,8.879155349731445,0.4,,,,,2025-10-25T16:55:43.5670000Z
7,8.54932689666748,0.4000000059604645,,8.448820495605469,0.6,,,,,2025-10-25T16:55:44.8980000Z
8,7.888191223144531,0.4000000059604645,,7.646991348266601,0.4,,,,,2025-10-25T16:55:46.2150000Z
9,8.216755867004395,0.4000000059604645,,8.616396713256837,0.6,,,,,2025-10-25T16:55:47.5520000Z
10,7.5040130615234375,0.6000000238418579,,8.665478515625,0.6,,,,,2025-10-25T16:55:48.9050000Z
11,7.90346622467041,0.6000000238418579,,7.834137344360352,0.6,,,,,2025-10-25T16:55:50.2150000Z
12,7.603179931640625,0.6000000238418579,,6.815267562866211,0.6,,,,,2025-10-25T16:55:53.9660000Z
13,7.389315605163574,0.6000000238418579,,7.300601959228516,0.6,,,,,2025-10-25T16:55:55.3160000Z
14,6.819279670715332,0.6000000238418579,,6.668100738525391,0.6,,,,,2025-10-25T16:55:56.6400000Z
15,6.707821846008301,0.6000000238418579,,6.889898300170898,0.6,,,,,2025-10-25T16:55:57.9780000Z
16,7.079890251159668,0.6000000238418579,,7.04298210144043,0.6,,,,,2025-10-25T16:55:59.2880000Z
17,6.437219142913818,0.6000000238418579,,6.548519897460937,0.6,,,,,2025-10-25T16:56:00.6140000Z
18,5.849349021911621,0.6000000238418579,,5.788669204711914,0.6,,,,,2025-10-25T16:56:01.9190000Z
19,5.73227596282959,0.6000000238418579,,5.265460586547851,0.6,,,,,2025-10-25T16:56:03.2380000Z
20,4.866513252258301,0.6000000238418579,,4.931630325317383,0.6,,,,,2025-10-25T16:56:04.5890000Z
21,5.555817127227783,0.6000000238418579,,4.728033828735351,0.8,,,,,2025-10-25T16:56:05.8930000Z
22,4.641629695892334,0.6000000238418579,,4.356545639038086,0.6,,,,,2025-10-25T16:56:07.2100000Z
23,4.054563999176025,0.6000000238418579,,3.734467315673828,0.6,,,,,2025-10-25T16:56:08.5280000Z
24,3.606215715408325,0.6000000238418579,,3.2514474868774412,0.8,,,,,2025-10-25T16:56:09.8480000Z
25,3.3415913581848145,0.6000000238418579,,2.4037588119506834,0.6,,,,,2025-10-25T16:56:11.1560000Z
26,2.5846521854400635,0.6000000238418579,,2.116505432128906,0.8,,,,,2025-10-25T16:56:12.4740000Z
27,1.9397571086883545,0.800000011920929,,2.5659780502319336,0.8,,,,,2025-10-25T16:56:13.7750000Z
28,2.181154727935791,0.800000011920929,,2.2018274307250976,0.8,,,,,2025-10-25T16:56:15.0670000Z
29,2.707998752593994,0.6000000238418579,,1.7342264175415039,0.8,,,,,2025-10-25T16:56:16.3860000Z
30,1.8545843362808228,0.800000011920929,,1.9174419403076173,0.8,,,,,2025-10-25T16:56:17.7420000Z
31,1.9670228958129883,0.800000011920929,,1.914437484741211,0.8,,,,,2025-10-25T16:56:19.0280000Z
32,1.626692771911621,0.800000011920929,,1.6225200653076173,0.8,,,,,2025-10-25T16:56:20.3470000Z
33,1.2496936321258545,0.800000011920929,,1.62591609954834,0.8,,,,,2025-10-25T16:56:21.6680000Z
34,1.2664260864257812,0.800000011920929,,1.6223697662353516,0.8,,,,,2025-10-25T16:56:22.9640000Z
35,2.5875277519226074,0.6000000238418579,,1.8023277282714845,0.6,,,,,2025-10-25T16:56:24.2660000Z
36,1.3863680362701416,0.800000011920929,,1.3452072143554688,0.8,,,,,2025-10-25T16:56:25.5640000Z
37,0.893868625164032,0.800000011920929,,1.492076301574707,0.8,,,,,2025-10-25T16:56:26.8760000Z
38,1.1520484685897827,0.800000011920929,,1.212936019897461,0.8,,,,,2025-10-25T16:56:28.1800000Z
39,2.8047826290130615,0.6000000238418579,,1.2277582168579102,0.8,,,,,2025-10-25T16:56:29.4920000Z
40,2.9133143424987793,0.6000000238418579,,1.0912588119506836,0.8,,,,,2025-10-25T16:56:30.8560000Z
41,0.9641655087471008,0.800000011920929,,1.268133544921875,0.8,,,,,2025-10-25T16:56:32.1610000Z
42,2.491272211074829,0.6000000238418579,,1.3833168029785157,0.8,,,,,2025-10-25T16:56:33.4580000Z
43,1.2477405071258545,0.800000011920929,,1.343672752380371,0.8,,,,,2025-10-25T16:56:34.7680000Z
44,2.2441678047180176,0.6000000238418579,,1.2644283294677734,0.8,,,,,2025-10-25T16:56:36.0630000Z
45,1.4775736331939697,0.800000011920929,,1.2406221389770509,0.8,,,,,2025-10-25T16:56:37.3800000Z
46,2.444732904434204,0.6000000238418579,,1.3015907287597657,0.8,,,,,2025-10-25T16:56:38.6710000Z
47,1.276824951171875,0.800000011920929,,1.3036827087402343,0.8,,,,,2025-10-25T16:56:39.9680000Z
48,1.222165822982788,0.800000011920929,,1.306148147583008,0.8,,,,,2025-10-25T16:56:41.2590000Z
49,2.2017524242401123,0.6000000238418579,,1.2158485412597657,0.8,,,,,2025-10-25T16:56:42.5670000Z
50,1.3203411102294922,0.800000011920929,,1.2151683807373046,0.8,,,,,2025-10-25T16:56:43.9490000Z
51,1.242713212966919,0.800000011920929,,1.0584022521972656,0.8,,,,,2025-10-25T16:56:45.2510000Z
52,1.2248401641845703,0.800000011920929,,1.0388736724853516,0.8,,,,,2025-10-25T16:56:46.5640000Z
53,1.2481105327606201,0.800000011920929,,1.1259727478027344,0.8,,,,,2025-10-25T16:56:47.8640000Z
54,2.3645899295806885,0.6000000238418579,,0.98016357421875,0.8,,,,,2025-10-25T16:56:49.1790000Z
55,1.1312854290008545,0.800000011920929,,0.9327102661132812,0.8,,,,,2025-10-25T16:56:50.4730000Z
56,1.7198148965835571,0.800000011920929,,1.3120697021484375,0.8,,,,,2025-10-25T16:56:51.7590000Z
57,2.0155129432678223,0.800000011920929,,1.628687286376953,0.8,,,,,2025-10-25T16:56:53.0680000Z
58,1.6437174081802368,0.800000011920929,,1.1968616485595702,0.8,,,,,2025-10-25T16:56:54.3680000Z
59,1.2244961261749268,0.800000011920929,,1.0000499725341796,0.8,,,,,2025-10-25T16:56:55.6650000Z
60,1.0076671838760376,0.800000011920929,,1.2653011322021483,0.8,,,,,2025-10-25T16:56:57.0070000Z
61,2.0294251441955566,0.6000000238418579,,1.3088413238525392,0.8,,,,,2025-10-25T16:56:58.3400000Z
62,4.107724189758301,0.6000000238418579,,1.2243654251098632,0.8,,,,,2025-10-25T16:56:59.6610000Z
63,1.2170169353485107,0.800000011920929,,1.053091049194336,0.8,,,,,2025-10-25T16:57:00.9700000Z
64,2.2238118648529053,0.6000000238418579,,1.4887376785278321,0.8,,,,,2025-10-25T16:57:02.2690000Z
65,1.0182762145996094,0.800000011920929,,1.415462112426758,0.8,,,,,2025-10-25T16:57:03.5720000Z
66,1.0875955820083618,0.800000011920929,,1.4345890045166017,0.8,,,,,2025-10-25T16:57:04.8650000Z
67,1.938490629196167,0.6000000238418579,,1.3930782318115233,0.8,,,,,2025-10-25T16:57:06.1790000Z
68,1.0739524364471436,0.800000011920929,,1.7025485992431642,0.8,,,,,2025-10-25T16:57:07.4940000Z
69,1.0522254705429077,0.800000011920929,,1.7729873657226562,0.8,,,,,2025-10-25T16:57:08.7940000Z
70,1.0527757406234741,0.800000011920929,,1.7808294296264648,0.8,,,,,2025-10-25T16:57:10.1670000Z
71,1.805959939956665,0.6000000238418579,,1.9117685317993165,0.8,,,,,2025-10-25T16:57:11.5060000Z
72,1.8368303775787354,0.6000000238418579,,1.593474769592285,0.8,,,,,2025-10-25T16:57:12.8250000Z
73,1.3079169988632202,0.800000011920929,,1.777916145324707,0.8,,,,,2025-10-25T16:57:14.1440000Z
74,1.4379371404647827,0.800000011920929,,1.6919290542602539,0.8,,,,,2025-10-25T16:57:15.4710000Z
75,1.1421102285385132,0.800000011920929,,1.3538890838623048,0.8,,,,,2025-10-25T16:57:16.7890000Z
76,1.1554667949676514,0.800000011920929,,1.4411333084106446,0.8,,,,,2025-10-25T16:57:18.0920000Z
77,1.2087697982788086,0.800000011920929,,1.371680450439453,0.8,,,,,2025-10-25T16:57:19.4010000Z
78,1.134699821472168,0.800000011920929,,1.0948755264282226,0.8,,,,,2025-10-25T16:57:20.6960000Z
79,1.0495837926864624,0.800000011920929,,1.1578413009643556,0.8,,,,,2025-10-25T16:57:21.9880000Z
80,2.1822848320007324,0.6000000238418579,,1.1071638107299804,0.8,,,,,2025-10-25T16:57:23.3430000Z
81,1.0233361721038818,0.800000011920929,,1.0982595443725587,0.8,,,,,2025-10-25T16:57:24.6400000Z
82,0.9763851165771484,0.800000011920929,,1.0445331573486327,0.8,,,,,2025-10-25T16:57:25.9510000Z
83,0.9133149981498718,0.800000011920929,,1.155088233947754,0.8,,,,,2025-10-25T16:57:27.2700000Z
84,2.5837132930755615,0.6000000238418579,,1.0665571212768554,0.8,,,,,2025-10-25T16:57:28.6320000Z
85,1.3795146942138672,0.800000011920929,,0.9338716506958008,0.8,,,,,2025-10-25T16:57:30.1840000Z
86,2.7315673828125,0.6000000238418579,,0.9833032608032226,0.8,,,,,2025-10-25T16:57:31.5080000Z
87,1.3859279155731201,0.800000011920929,,1.247018814086914,0.8,,,,,2025-10-25T16:57:32.8180000Z
88,2.1484146118164062,0.6000000238418579,,1.1659318923950195,0.8,,,,,2025-10-25T16:57:34.1450000Z
89,2.809731960296631,0.6000000238418579,,1.2584980010986329,0.8,,,,,2025-10-25T16:57:35.4710000Z
90,1.0889644622802734,0.800000011920929,,1.392207145690918,0.8,,,,,2025-10-25T16:57:36.8160000Z
91,0.8508293032646179,0.800000011920929,,1.3067337036132813,0.8,,,,,2025-10-25T16:57:38.1150000Z
92,1.1596994400024414,0.800000011920929,,1.4283624649047852,0.8,,,,,2025-10-25T16:57:39.4380000Z
93,2.2079272270202637,0.6000000238418579,,1.4137727737426757,0.8,,,,,2025-10-25T16:57:40.7550000Z
94,0.930223286151886,0.800000011920929,,1.4713052749633788,0.8,,,,,2025-10-25T16:57:42.0580000Z
95,1.025644302368164,0.800000011920929,,1.3415208816528321,0.8,,,,,2025-10-25T16:57:43.3710000Z
96,1.2870969772338867,0.800000011920929,,1.421973991394043,0.8,,,,,2025-10-25T16:57:44.6870000Z
97,1.303929090499878,0.800000011920929,,1.0135746002197266,0.8,,,,,2025-10-25T16:57:46.0030000Z
98,0.9788709878921509,0.800000011920929,,1.215382194519043,0.8,,,,,2025-10-25T16:57:47.3040000Z
99,0.7161380648612976,1,,1.0926057815551757,0.8,,,,,2025-10-25T16:57:48.6170000Z
100,0.8931425213813782,0.800000011920929,,1.2243476867675782,0.8,,,,,2025-10-25T16:57:50.0030000Z
101,0.978398323059082,0.800000011920929,,0.957366943359375,0.8,,,,,2025-10-25T16:57:51.3140000Z
102,1.1810591220855713,0.800000011920929,,1.1917198181152344,0.8,,,,,2025-10-25T16:57:52.6290000Z
103,1.5092699527740479,0.800000011920929,,1.1698945999145507,0.8,,,,,2025-10-25T16:57:53.9550000Z
104,0.8367395401000977,0.800000011920929,,1.5017017364501952,0.8,,,,,2025-10-25T16:57:55.2720000Z
105,1.1395772695541382,0.800000011920929,,1.388962173461914,0.8,,,,,2025-10-25T16:57:56.5770000Z
106,1.7047964334487915,0.800000011920929,,1.358073616027832,0.8,,,,,2025-10-25T16:57:57.8810000Z
107,1.6464792490005493,0.800000011920929,,1.4316766738891602,0.8,,,,,2025-10-25T16:57:59.2100000Z
108,1.0634666681289673,0.800000011920929,,1.4252260208129883,0.8,,,,,2025-10-25T16:58:00.5300000Z
109,0.7859207391738892,0.800000011920929,,1.4275745391845702,0.8,,,,,2025-10-25T16:58:01.8450000Z
110,2.2011685371398926,0.6000000238418579,,1.517567253112793,0.8,,,,,2025-10-25T16:58:03.2200000Z
111,1.290384292602539,0.800000011920929,,1.3534736633300781,0.8,,,,,2025-10-25T16:58:04.5350000Z
112,1.121677041053772,0.800000011920929,,1.2930984497070312,0.8,,,,,2025-10-25T16:58:05.8420000Z
113,1.0954639911651611,0.800000011920929,,1.2744270324707032,0.8,,,,,2025-10-25T16:58:07.1480000Z
114,0.8078449368476868,0.800000011920929,,1.3518224716186524,0.8,,,,,2025-10-25T16:58:08.4640000Z
115,1.052040696144104,0.800000011920929,,1.1976369857788085,0.8,,,,,2025-10-25T16:58:09.7780000Z
116,0.834503173828125,0.800000011920929,,1.329871940612793,0.8,,,,,2025-10-25T16:58:11.0780000Z
117,2.1284239292144775,0.6000000238418579,,1.1447616577148438,0.8,,,,,2025-10-25T16:58:12.3780000Z
118,1.907970666885376,0.6000000238418579,,1.0353706359863282,0.8,,,,,2025-10-25T16:58:13.6750000Z
119,1.2091248035430908,0.800000011920929,,1.2409868240356445,0.8,,,,,2025-10-25T16:58:14.9860000Z
120,1.7810983657836914,0.800000011920929,,1.1563570022583007,0.8,,,,,2025-10-25T16:58:16.3370000Z
121,3.012139081954956,0.6000000238418579,,1.1117128372192382,0.8,,,,,2025-10-25T16:58:17.6370000Z
122,3.266378402709961,0.6000000238418579,,1.4322425842285156,0.8,,,,,2025-10-25T16:58:18.9380000Z
123,0.8363977670669556,0.800000011920929,,1.3346696853637696,0.8,,,,,2025-10-25T16:58:20.2670000Z
124,1.1148338317871094,0.800000011920929,,1.3928260803222656,0.8,,,,,2025-10-25T16:58:21.5810000Z
125,0.868299126625061,0.800000011920929,,1.3323741912841798,0.8,,,,,2025-10-25T16:58:22.8990000Z
126,0.9064128994941711,0.800000011920929,,1.3044443130493164,0.8,,,,,2025-10-25T16:58:24.1970000Z
127,1.1614782810211182,0.800000011920929,,1.3348255157470703,0.8,,,,,2025-10-25T16:58:25.4870000Z
128,0.9213274121284485,0.800000011920929,,1.2229579925537108,0.8,,,,,2025-10-25T16:58:26.7870000Z
129,0.8703867197036743,0.800000011920929,,1.18646297454834,0.8,,,,,2025-10-25T16:58:28.0750000Z
130,1.0492360591888428,0.800000011920929,,1.3202642440795898,0.8,,,,,2025-10-25T16:58:29.4260000Z
131,2.276416540145874,0.6000000238418579,,1.2217002868652345,0.8,,,,,2025-10-25T16:58:30.8410000Z
132,0.8866876363754272,0.800000011920929,,1.3593927383422852,0.8,,,,,2025-10-25T16:58:32.1630000Z
133,1.5026763677597046,0.800000011920929,,1.2456245422363281,0.8,,,,,2025-10-25T16:58:33.5040000Z
134,0.737261950969696,0.800000011920929,,1.2232995986938477,0.8,,,,,2025-10-25T16:58:34.8160000Z
135,1.3529493808746338,0.800000011920929,,1.1880693435668945,0.8,,,,,2025-10-25T16:58:36.1210000Z
136,0.7647857666015625,0.800000011920929,,1.1556224822998047,0.8,,,,,2025-10-25T16:58:37.4220000Z
137,1.6660610437393188,0.800000011920929,,1.0514320373535155,0.8,,,,,2025-10-25T16:58:38.7130000Z
138,1.068640947341919,0.800000011920929,,1.0993692398071289,0.8,,,,,2025-10-25T16:58:40.0150000Z
139,1.32411789894104,0.800000011920929,,0.9887491226196289,0.8,,,,,2025-10-25T16:58:41.3180000Z
140,1.0092628002166748,0.800000011920929,,1.1465255737304687,0.8,,,,,2025-10-25T16:58:42.6750000Z
141,0.9299682378768921,0.800000011920929,,1.0149187088012694,0.8,,,,,2025-10-25T16:58:43.9880000Z
142,2.2719156742095947,0.6000000238418579,,1.1061267852783203,0.8,,,,,2025-10-25T16:58:45.2840000Z
143,1.656110167503357,0.800000011920929,,1.068075942993164,0.8,,,,,2025-10-25T16:58:46.5880000Z
144,2.229168653488159,0.6000000238418579,,1.2696197509765625,0.8,,,,,2025-10-25T16:58:47.8850000Z
145,1.9241660833358765,0.6000000238418579,,1.1895959854125977,0.8,,,,,2025-10-25T16:58:49.1830000Z
146,1.275806188583374,0.800000011920929,,1.2218662261962892,0.8,,,,,2025-10-25T16:58:50.4820000Z
147,2.1412081718444824,0.6000000238418579,,1.1996078491210938,0.8,,,,,2025-10-25T16:58:51.7870000Z
148,1.868951439857483,0.6000000238418579,,1.2401880264282226,0.8,,,,,2025-10-25T16:58:53.0820000Z
149,2.0945234298706055,0.6000000238418579,,1.1536418914794921,0.8,,,,,2025-10-25T16:58:54.3740000Z
150,1.3336923122406006,0.800000011920929,,1.3602741241455079,0.8,,,,,2025-10-25T16:58:55.7060000Z
151,0.8759037256240845,0.800000011920929,,1.344690704345703,0.8,,,,,2025-10-25T16:58:56.9940000Z
152,0.8574692010879517,0.800000011920929,,1.2796655654907227,0.8,,,,,2025-10-25T16:58:58.3200000Z
153,1.042578935623169,0.800000011920929,,1.3023170471191405,0.8,,,,,2025-10-25T16:58:59.6320000Z
154,1.1409412622451782,0.800000011920929,,1.3403682708740234,0.8,,,,,2025-10-25T16:59:00.9140000Z
155,1.1262506246566772,0.800000011920929,,1.2818397521972655,0.8,,,,,2025-10-25T16:59:02.2170000Z
156,0.7612476348876953,0.800000011920929,,1.2761831283569336,0.8,,,,,2025-10-25T16:59:03.5300000Z
157,1.7881540060043335,0.6000000238418579,,1.1895330429077149,0.8,,,,,2025-10-25T16:59:04.8610000Z
158,1.7027244567871094,0.6000000238418579,,1.110016441345215,0.8,,0.9935107231140137,0.805,,2025-10-25T16:59:14.2390000Z
159,0.9081485867500305,0.800000011920929,,1.29046688079834,0.8,,,,,2025-10-25T16:59:15.5460000Z
160,1.4753808975219727,0.800000011920929,,1.1454853057861327,0.8,,,,,2025-10-25T16:59:16.8800000Z
161,2.767972469329834,0.6000000238418579,,1.397585105895996,0.8,,,,,2025-10-25T16:59:18.1680000Z
162,1.030596375465393,0.800000011920929,,1.6866323471069335,0.8,,,,,2025-10-25T16:59:19.4670000Z
163,1.1661837100982666,0.800000011920929,,1.6901889801025392,0.8,,,,,2025-10-25T16:59:20.7680000Z
164,0.9988628625869751,0.800000011920929,,1.7087053298950194,0.8,,,,,2025-10-25T16:59:22.0660000Z
165,2.1746835708618164,0.6000000238418579,,1.3578172683715821,0.8,,,,,2025-10-25T16:59:23.3620000Z
166,0.719098687171936,0.800000011920929,,1.2744386672973633,0.8,,,,,2025-10-25T16:59:24.6830000Z
167,1.0951639413833618,0.800000011920929,,1.352593231201172,0.8,,,,,2025-10-25T16:59:25.9770000Z
168,0.840023398399353,0.800000011920929,,1.2224184036254884,0.8,,,,,2025-10-25T16:59:27.2930000Z
169,0.704455554485321,0.800000011920929,,1.0149658203125,0.8,,,,,2025-10-25T16:59:28.6010000Z
170,0.9856389760971069,0.800000011920929,,1.129817008972168,0.8,,,,,2025-10-25T16:59:29.9510000Z
171,0.8521785736083984,0.800000011920929,,1.2133108139038087,0.8,,,,,2025-10-25T16:59:31.2450000Z
172,1.701183557510376,0.6000000238418579,,1.2106615066528321,0.8,,,,,2025-10-25T16:59:32.5700000Z
173,1.2530136108398438,0.800000011920929,,1.1629283905029297,0.8,,,,,2025-10-25T16:59:33.8730000Z
174,1.1255687475204468,0.800000011920929,,1.1996118545532226,0.8,,,,,2025-10-25T16:59:35.1820000Z
175,1.9977872371673584,0.6000000238418579,,1.1188627243041993,0.8,,,,,2025-10-25T16:59:36.4960000Z
176,1.1592344045639038,0.800000011920929,,1.028104591369629,0.8,,,,,2025-10-25T16:59:37.8150000Z
177,0.9801891446113586,0.800000011920929,,1.005194091796875,0.8,,,,,2025-10-25T16:59:39.1450000Z
178,1.5808101892471313,0.800000011920929,,1.047113800048828,0.8,,,,,2025-10-25T16:59:40.4630000Z
179,0.9694019556045532,0.800000011920929,,0.9705421447753906,0.8,,,,,2025-10-25T16:59:41.7790000Z
180,1.879245400428772,0.6000000238418579,,1.146519088745117,0.8,,,,,2025-10-25T16:59:43.1130000Z
181,0.7943565249443054,0.800000011920929,,0.9758596420288086,0.8,,,,,2025-10-25T16:59:44.4000000Z
182,0.9032098650932312,0.800000011920929,,1.1090330123901366,0.8,,,,,2025-10-25T16:59:45.7100000Z
183,1.1280323266983032,0.800000011920929,,1.1162038803100587,0.8,,,,,2025-10-25T16:59:47.0230000Z
184,0.8413413763046265,0.800000011920929,,1.4468040466308594,0.8,,,,,2025-10-25T16:59:48.3170000Z
185,2.22544002532959,0.6000000238418579,,1.3136510848999023,0.8,,,,,2025-10-25T16:59:49.6180000Z
186,1.1967178583145142,0.800000011920929,,1.3052156448364258,0.8,,,,,2025-10-25T16:59:50.9190000Z
187,2.460563898086548,0.6000000238418579,,1.2571643829345702,0.8,,,,,2025-10-25T16:59:52.2340000Z
188,0.6641101837158203,0.800000011920929,,1.3458591461181642,0.8,,,,,2025-10-25T16:59:53.5970000Z
189,1.3876539468765259,0.800000011920929,,1.275440788269043,0.8,,,,,2025-10-25T16:59:54.9020000Z
190,0.6774349212646484,0.800000011920929,,1.4951642990112304,0.8,,,,,2025-10-25T16:59:56.2800000Z
191,1.0467936992645264,0.800000011920929,,1.4534269332885743,0.8,,,,,2025-10-25T16:59:57.6060000Z
192,0.7920745611190796,0.800000011920929,,1.275000762939453,0.8,,,,,2025-10-25T16:59:58.9310000Z
193,0.8305797576904297,0.800000011920929,,1.450914192199707,0.8,,,,,2025-10-25T17:00:00.2580000Z
194,2.3018155097961426,0.6000000238418579,,1.5411506652832032,0.8,,,,,2025-10-25T17:00:01.5910000Z
195,0.5577060580253601,1,,1.3713356018066407,0.8,,,,,2025-10-25T17:00:02.9170000Z
196,0.9427642822265625,0.800000011920929,,1.4122568130493165,0.8,,,,,2025-10-25T17:00:04.2250000Z
197,1.0122511386871338,0.800000011920929,,1.3316106796264648,0.8,,,,,2025-10-25T17:00:05.5310000Z
198,0.6596142053604126,0.800000011920929,,1.0656757354736328,0.8,,,,,2025-10-25T17:00:06.8460000Z
199,0.8892440795898438,0.800000011920929,,1.0721725463867187,0.8,,,,,2025-10-25T17:00:08.1840000Z
200,1.0137993097305298,0.800000011920929,,1.1604116439819336,0.8,,,,,2025-10-25T17:00:09.5430000Z
201,0.9823735952377319,0.800000011920929,,0.8359001159667969,0.8,,,,,2025-10-25T17:00:10.8470000Z
202,0.5838569402694702,1,,0.9681041717529297,0.8,,,,,2025-10-25T17:00:12.1530000Z
203,0.7655490636825562,0.800000011920929,,1.1874603271484374,0.8,,,,,2025-10-25T17:00:13.4570000Z
204,0.6355697512626648,0.800000011920929,,1.1391611099243164,0.8,,,,,2025-10-25T17:00:14.7910000Z
205,1.814915418624878,0.6000000238418579,,0.9062545776367188,0.8,,,,,2025-10-25T17:00:16.1020000Z
206,2.470057487487793,0.6000000238418579,,0.8843996047973632,0.8,,,,,2025-10-25T17:00:17.4110000Z
207,1.5933339595794678,0.6000000238418579,,0.9035850524902344,0.8,,,,,2025-10-25T17:00:18.7190000Z
208,2.1205897331237793,0.6000000238418579,,0.9077461242675782,0.8,,,,,2025-10-25T17:00:20.0360000Z
209,1.2817895412445068,0.800000011920929,,0.9221708297729492,0.8,,,,,2025-10-25T17:00:21.3420000Z
210,1.6131618022918701,0.800000011920929,,0.9804941177368164,0.8,,,,,2025-10-25T17:00:22.7220000Z
211,0.8232135772705078,0.800000011920929,,0.7549537658691406,1,,,,,2025-10-25T17:00:24.0190000Z
212,2.331007242202759,0.6000000238418579,,0.8838890075683594,0.8,,,,,2025-10-25T17:00:25.3310000Z
213,1.7369035482406616,0.6000000238418579,,0.9251398086547852,0.8,,,,,2025-10-25T17:00:26.6500000Z
214,2.2587673664093018,0.800000011920929,,0.9483037948608398,0.8,,,,,2025-10-25T17:00:27.9590000Z
215,0.7442073822021484,0.800000011920929,,0.8850971221923828,0.8,,,,,2025-10-25T17:00:29.2820000Z
216,1.152549386024475,0.6000000238418579,,0.9784500122070312,0.8,,,,,2025-10-25T17:00:30.5870000Z
217,1.4381014108657837,0.800000011920929,,1.1768806457519532,0.8,,,,,2025-10-25T17:00:31.8830000Z
218,0.8876506686210632,0.800000011920929,,1.1564523696899414,0.8,,,,,2025-10-25T17:00:33.1890000Z
219,1.1245800256729126,0.800000011920929,,0.939625358581543,0.8,,,,,2025-10-25T17:00:34.4950000Z
220,0.5295082330703735,1,,1.1898653030395507,0.8,,,,,2025-10-25T17:00:35.8630000Z
221,1.3478987216949463,0.800000011920929,,0.9529943466186523,0.8,,,,,2025-10-25T17:00:37.1760000Z
222,2.0175423622131348,0.6000000238418579,,1.1098405838012695,0.8,,,,,2025-10-25T17:00:38.4910000Z
223,1.7561943531036377,0.800000011920929,,1.1227468490600585,0.8,,,,,2025-10-25T17:00:39.8240000Z
224,1.698997139930725,0.6000000238418579,,1.4986629486083984,0.8,,,,,2025-10-25T17:00:41.1560000Z
225,1.2802482843399048,0.6000000238418579,,1.3236154556274413,0.8,,,,,2025-10-25T17:00:42.4680000Z
226,0.8041423559188843,0.800000011920929,,1.2004573822021485,0.8,,,,,2025-10-25T17:00:43.7860000Z
227,1.5066063404083252,0.6000000238418579,,1.32690486907959,0.8,,,,,2025-10-25T17:00:45.0850000Z
228,0.7392891049385071,0.800000011920929,,1.4819986343383789,0.8,,,,,2025-10-25T17:00:46.3950000Z
229,2.296617031097412,0.6000000238418579,,1.3393245697021485,0.8,,,,,2025-10-25T17:00:47.7170000Z
230,1.6800514459609985,0.6000000238418579,,1.4491069793701172,0.8,,,,,2025-10-25T17:00:49.0590000Z
231,0.9056321978569031,0.800000011920929,,1.3658235549926758,0.8,,,,,2025-10-25T17:00:50.3490000Z
232,0.8117157220840454,0.800000011920929,,1.149199867248535,0.8,,,,,2025-10-25T17:00:51.6430000Z
233,2.220284938812256,0.6000000238418579,,1.2036128997802735,0.8,,,,,2025-10-25T17:00:52.9560000Z
234,1.067928671836853,0.800000011920929,,1.2463661193847657,0.8,,,,,2025-10-25T17:00:54.2510000Z
235,1.7139230966567993,0.800000011920929,,1.1587339401245118,0.8,,,,,2025-10-25T17:00:55.5400000Z
236,1.263223648071289,0.6000000238418579,,1.2434280395507813,0.8,,,,,2025-10-25T17:00:56.8440000Z
237,1.5851504802703857,0.800000011920929,,1.1277173995971679,0.8,,,,,2025-10-25T17:00:58.1560000Z
238,0.7599689364433289,0.800000011920929,,1.1211029052734376,0.8,,,,,2025-10-25T17:00:59.4750000Z
239,0.8173427581787109,0.800000011920929,,1.260797882080078,0.8,,,,,2025-10-25T17:01:00.7890000Z
240,0.8541061282157898,0.800000011920929,,1.1190359115600585,0.8,,,,,2025-10-25T17:01:02.1820000Z
241,1.6493031978607178,0.6000000238418579,,1.4256092071533204,0.8,,,,,2025-10-25T17:01:03.4790000Z
242,0.7829357385635376,0.800000011920929,,1.6011774063110351,0.8,,,,,2025-10-25T17:01:04.8030000Z
243,1.1142356395721436,0.800000011920929,,1.654220962524414,0.8,,,,,2025-10-25T17:01:06.1010000Z
244,1.0081291198730469,0.800000011920929,,1.5615053176879883,0.8,,,,,2025-10-25T17:01:07.4160000Z
245,0.9728771448135376,0.800000011920929,,1.3110782623291015,0.8,,,,,2025-10-25T17:01:08.7360000Z
246,0.8430267572402954,0.800000011920929,,1.3856161117553711,0.8,,,,,2025-10-25T17:01:10.0390000Z
247,0.9587761163711548,0.800000011920929,,1.3689720153808593,0.8,,,,,2025-10-25T17:01:11.3360000Z
248,0.9181230664253235,0.800000011920929,,1.2506702423095704,0.8,,,,,2025-10-25T17:01:12.6490000Z
249,1.4781100749969482,0.6000000238418579,,1.0600267410278321,0.8,,,,,2025-10-25T17:01:13.9700000Z
250,1.8868824243545532,0.6000000238418579,,1.2157926559448242,0.8,,,,,2025-10-25T17:01:15.3420000Z
251,1.1544744968414307,0.800000011920929,,1.2402782440185547,0.8,,,,,2025-10-25T17:01:16.6420000Z
252,0.8510734438896179,0.800000011920929,,1.2872106552124023,0.8,,,,,2025-10-25T17:01:17.9340000Z
253,0.7415435910224915,0.800000011920929,,1.252724838256836,0.8,,,,,2025-10-25T17:01:19.2280000Z
254,1.616294264793396,0.6000000238418579,,1.329132080078125,0.8,,,,,2025-10-25T17:01:20.5210000Z
255,1.8868625164031982,0.6000000238418579,,1.197188377380371,0.8,,,,,2025-10-25T17:01:21.8260000Z
256,1.166297197341919,0.800000011920929,,1.121965217590332,0.8,,,,,2025-10-25T17:01:23.1210000Z
257,1.6395208835601807,0.800000011920929,,1.013430404663086,0.8,,,,,2025-10-25T17:01:24.4210000Z
258,0.8298190832138062,0.800000011920929,,1.0521289825439453,0.8,,,,,2025-10-25T17:01:25.7270000Z
259,1.0963830947875977,0.800000011920929,,1.016789436340332,0.8,,,,,2025-10-25T17:01:27.0190000Z
260,0.8763004541397095,0.800000011920929,,1.1317657470703124,0.8,,,,,2025-10-25T17:01:28.3610000Z
261,1.6017720699310303,0.6000000238418579,,0.919099235534668,0.8,,,,,2025-10-25T17:01:29.6650000Z
262,0.7413814663887024,0.800000011920929,,1.0335676193237304,0.8,,,,,2025-10-25T17:01:30.9680000Z
263,0.7641800045967102,0.800000011920929,,0.9555164337158203,0.8,,,,,2025-10-25T17:01:32.2870000Z
264,0.6895958185195923,0.800000011920929,,1.3143150329589843,0.8,,,,,2025-10-25T17:01:33.5970000Z
265,0.7173599004745483,0.800000011920929,,1.1840143203735352,0.8,,,,,2025-10-25T17:01:34.9100000Z
266,1.5368961095809937,0.6000000238418579,,1.1126558303833007,0.8,,,,,2025-10-25T17:01:36.2090000Z
267,1.8241990804672241,0.800000011920929,,1.2273946762084962,0.8,,,,,2025-10-25T17:01:37.5170000Z
268,0.7486743927001953,0.800000011920929,,1.4257472991943358,0.8,,,,,2025-10-25T17:01:38.8430000Z
269,1.0135586261749268,0.800000011920929,,1.372770118713379,0.8,,,,,2025-10-25T17:01:40.1480000Z
270,0.8018817901611328,0.800000011920929,,1.5102848052978515,0.8,,,,,2025-10-25T17:01:41.5320000Z
271,0.5918548703193665,1,,1.4682720184326172,0.8,,,,,2025-10-25T17:01:42.8460000Z
272,1.3181273937225342,0.6000000238418579,,1.2735204696655273,0.8,,,,,2025-10-25T17:01:44.1410000Z
273,0.6256271600723267,0.800000011920929,,1.3473651885986329,0.8,,,,,2025-10-25T17:01:45.4430000Z
274,1.4937223196029663,0.800000011920929,,1.4499605178833008,0.8,,,,,2025-10-25T17:01:46.7470000Z
275,1.5958417654037476,0.800000011920929,,1.2573019027709962,0.8,,,,,2025-10-25T17:01:48.0650000Z
276,1.191322684288025,0.800000011920929,,1.2835552215576171,0.8,,,,,2025-10-25T17:01:49.3730000Z
277,0.8964763879776001,0.800000011920929,,1.1799608230590821,0.8,,,,,2025-10-25T17:01:50.6740000Z
278,1.2137008905410767,0.800000011920929,,0.9933734893798828,0.8,,,,,2025-10-25T17:01:51.9740000Z
279,0.9763427972793579,0.800000011920929,,1.0447237014770507,0.8,,,,,2025-10-25T17:01:53.2670000Z
280,0.7061862945556641,0.800000011920929,,1.0610633850097657,0.8,,,,,2025-10-25T17:01:54.6080000Z
281,0.6172954440116882,0.800000011920929,,1.0494977951049804,0.8,,,,,2025-10-25T17:01:55.9090000Z
282,0.5515556335449219,0.800000011920929,,1.4668800354003906,0.8,,,,,2025-10-25T17:01:57.2020000Z
283,2.1716907024383545,0.6000000238418579,,1.7022455215454102,0.8,,,,,2025-10-25T17:01:58.5050000Z
284,1.6469523906707764,0.800000011920929,,1.624757957458496,0.8,,,,,2025-10-25T17:01:59.8390000Z
285,1.7152684926986694,0.6000000238418579,,1.4184022903442384,0.8,,,,,2025-10-25T17:02:01.1480000Z
286,0.7794837951660156,0.800000011920929,,1.3628883361816406,0.8,,,,,2025-10-25T17:02:02.4650000Z
287,1.027441382408142,0.800000011920929,,1.4360864639282227,0.8,,,,,2025-10-25T17:02:03.7690000Z
288,1.3368556499481201,0.6000000238418579,,1.3009725570678712,0.8,,,,,2025-10-25T17:02:05.0710000Z
289,0.6490501165390015,0.800000011920929,,1.0799140930175781,0.8,,,,,2025-10-25T17:02:06.3920000Z
290,1.2937380075454712,0.800000011920929,,1.2588857650756835,0.8,,,,,2025-10-25T17:02:07.7450000Z
291,0.7224876284599304,0.800000011920929,,1.1887041091918946,0.8,,,,,2025-10-25T17:02:09.0520000Z
292,1.7839555740356445,0.800000011920929,,1.1911550521850587,0.8,,,,,2025-10-25T17:02:10.3500000Z
293,1.8732668161392212,0.800000011920929,,1.1876068115234375,0.8,,,,,2025-10-25T17:02:11.6390000Z
294,1.5122411251068115,0.800000011920929,,1.3251693725585938,0.8,,,,,2025-10-25T17:02:12.9740000Z
295,1.1908137798309326,0.800000011920929,,1.1377391815185547,0.8,,,,,2025-10-25T17:02:14.2800000Z
296,1.6607431173324585,0.6000000238418579,,1.1388301849365234,0.8,,,,,2025-10-25T17:02:15.5870000Z
297,0.8440006375312805,0.800000011920929,,1.0227651596069336,0.8,,,,,2025-10-25T17:02:16.9050000Z
298,0.9960376620292664,0.800000011920929,,1.0547504425048828,0.8,,,,,2025-10-25T17:02:18.2350000Z
299,1.1738554239273071,0.800000011920929,,0.9906280517578125,0.8,,,,,2025-10-25T17:02:19.5540000Z
300,0.8023971319198608,0.800000011920929,,1.115591049194336,0.8,,,,,2025-10-25T17:02:20.9190000Z
301,1.7667840719223022,0.6000000238418579,,0.8536266326904297,0.8,,,,,2025-10-25T17:02:22.2440000Z
302,0.842974841594696,0.800000011920929,,1.044184112548828,0.8,,,,,2025-10-25T17:02:23.5490000Z
303,1.203128457069397,0.800000011920929,,1.0561168670654297,0.8,,,,,2025-10-25T17:02:24.8810000Z
304,1.5499258041381836,0.6000000238418579,,1.3390617370605469,0.8,,,,,2025-10-25T17:02:26.2100000Z
305,0.7423980832099915,0.800000011920929,,1.2642330169677733,0.8,,,,,2025-10-25T17:02:27.5220000Z
306,1.0258575677871704,0.800000011920929,,1.1435209274291993,0.8,,,,,2025-10-25T17:02:28.8510000Z
307,0.7818313837051392,0.800000011920929,,1.24115047454834,0.8,,,,,2025-10-25T17:02:30.1630000Z
308,2.139988422393799,0.6000000238418579,,1.3608716964721679,0.8,,,,,2025-10-25T17:02:31.6180000Z
309,1.8395748138427734,0.6000000238418579,,1.3331382751464844,0.8,,,,,2025-10-25T17:02:33.0270000Z
310,0.9769706726074219,0.800000011920929,,1.5273777008056642,0.8,,,,,2025-10-25T17:02:34.3690000Z
311,1.526573896408081,0.6000000238418579,,1.38521728515625,0.8,,,,,2025-10-25T17:02:35.6590000Z
312,2.624621629714966,0.6000000238418579,,1.2415311813354493,0.8,,,,,2025-10-25T17:02:36.9550000Z
313,1.8774381875991821,0.6000000238418579,,1.3091670989990234,0.8,,,,,2025-10-25T17:02:38.2520000Z
314,0.7713241577148438,0.800000011920929,,1.3866666793823241,0.8,,,,,2025-10-25T17:02:39.5530000Z
315,0.9280945062637329,0.800000011920929,,1.1331071853637695,0.8,,,,,2025-10-25T17:02:40.8590000Z
316,1.2521663904190063,0.800000011920929,,1.2302282333374024,0.8,,1.0119090795516967,0.805,,2025-10-25T17:02:44.4900000Z
317,1.0940173864364624,0.6000000238418579,,1.0951290130615234,0.8,,,,,2025-10-25T17:02:45.8040000Z
318,0.6245139837265015,0.800000011920929,,0.9940618515014649,0.8,,,,,2025-10-25T17:02:47.1010000Z
319,1.3288151025772095,0.6000000238418579,,1.094894790649414,0.8,,,,,2025-10-25T17:02:48.3830000Z
320,0.7136234045028687,0.800000011920929,,1.0959091186523438,0.8,,,,,2025-10-25T17:02:49.7250000Z
321,1.0980955362319946,0.800000011920929,,1.2970499038696288,0.8,,,,,2025-10-25T17:02:51.0060000Z
322,1.135117769241333,0.800000011920929,,1.788092803955078,0.8,,,,,2025-10-25T17:02:52.2860000Z
323,0.8525218963623047,0.800000011920929,,1.806201171875,0.8,,,,,2025-10-25T17:02:53.5710000Z
324,1.173243761062622,0.6000000238418579,,1.7524347305297852,0.8,,,,,2025-10-25T17:02:54.8620000Z
325,0.8625999689102173,0.800000011920929,,1.6069759368896483,0.8,,,,,2025-10-25T17:02:56.1420000Z
326,1.2700128555297852,0.800000011920929,,1.5581016540527344,0.8,,,,,2025-10-25T17:02:57.4220000Z
327,1.0829317569732666,0.800000011920929,,1.5368114471435548,0.8,,,,,2025-10-25T17:02:58.7050000Z
328,2.124014377593994,0.6000000238418579,,1.342827606201172,0.8,,,,,2025-10-25T17:03:00.0010000Z
329,1.1548572778701782,0.6000000238418579,,1.1045530319213868,0.8,,,,,2025-10-25T17:03:01.2940000Z
330,0.6361980438232422,0.800000011920929,,1.211286735534668,0.8,,,,,2025-10-25T17:03:02.6600000Z
331,0.7246349453926086,0.800000011920929,,1.2685844421386718,0.8,,,,,2025-10-25T17:03:03.9660000Z
332,1.0792385339736938,0.800000011920929,,1.1565311431884766,0.8,,,,,2025-10-25T17:03:05.2640000Z
333,1.4397369623184204,0.6000000238418579,,1.1691226959228516,0.8,,,,,2025-10-25T17:03:06.5770000Z
334,1.5562350749969482,0.800000011920929,,1.2314485549926757,0.8,,,,,2025-10-25T17:03:07.8910000Z
335,0.856899082660675,0.800000011920929,,1.1983427047729491,0.8,,,,,2025-10-25T17:03:09.1880000Z
336,0.9312731027603149,0.800000011920929,,1.0311750411987304,0.8,,,,,2025-10-25T17:03:10.4990000Z
337,0.8564033508300781,0.800000011920929,,1.040300178527832,0.8,,,,,2025-10-25T17:03:11.7910000Z
338,0.7310592532157898,0.800000011920929,,1.0379953384399414,0.8,,,,,2025-10-25T17:03:13.0940000Z
339,0.7133724093437195,0.800000011920929,,0.9817724227905273,0.8,,,,,2025-10-25T17:03:14.3920000Z
340,1.6973187923431396,0.6000000238418579,,1.1178468704223632,0.8,,,,,2025-10-25T17:03:15.7380000Z
341,0.7651699185371399,0.800000011920929,,0.878536605834961,0.8,,,,,2025-10-25T17:03:17.0380000Z
342,0.7614471316337585,0.800000011920929,,1.0533491134643556,0.8,,,,,2025-10-25T17:03:18.3220000Z
343,0.8072101473808289,0.800000011920929,,1.0614507675170899,0.8,,,,,2025-10-25T17:03:19.6410000Z
344,1.1657298803329468,0.800000011920929,,1.2864675521850586,0.8,,,,,2025-10-25T17:03:20.9390000Z
345,0.9772178530693054,0.800000011920929,,1.190720558166504,0.8,,,,,2025-10-25T17:03:22.2250000Z
346,0.6600170135498047,0.800000011920929,,1.144820213317871,0.8,,,,,2025-10-25T17:03:23.5160000Z
347,1.5955206155776978,0.6000000238418579,,1.2440071105957031,0.8,,,,,2025-10-25T17:03:24.8530000Z
348,0.7969207763671875,0.800000011920929,,1.3601568222045899,0.8,,,,,2025-10-25T17:03:26.1680000Z
349,1.6599833965301514,0.6000000238418579,,1.263148880004883,0.8,,,,,2025-10-25T17:03:27.4600000Z
350,1.5229066610336304,0.6000000238418579,,1.5125694274902344,0.8,,,,,2025-10-25T17:03:28.7980000Z
351,1.3906936645507812,0.800000011920929,,1.4242448806762695,0.8,,,,,2025-10-25T17:03:30.0970000Z
352,1.2893177270889282,0.800000011920929,,1.2332651138305664,0.8,,,,,2025-10-25T17:03:31.6330000Z
353,1.094678282737732,0.800000011920929,,1.2875699996948242,0.8,,,,,2025-10-25T17:03:33.0470000Z
354,2.0779223442077637,0.6000000238418579,,1.3597330093383788,0.8,,,,,2025-10-25T17:03:34.3570000Z
355,2.00813627243042,0.6000000238418579,,1.0878629684448242,0.8,,,,,2025-10-25T17:03:35.6450000Z
356,0.9321571588516235,0.800000011920929,,1.192643165588379,0.8,,,,,2025-10-25T17:03:36.9610000Z
357,1.199329137802124,0.800000011920929,,1.0664405822753906,0.8,,,,,2025-10-25T17:03:38.2530000Z
358,1.4004650115966797,0.800000011920929,,0.9912515640258789,0.8,,,,,2025-10-25T17:03:39.5450000Z
359,1.6607029438018799,0.800000011920929,,1.1419981002807618,0.8,,,,,2025-10-25T17:03:40.8430000Z
360,1.3137805461883545,0.800000011920929,,1.1026182174682617,0.8,,,,,2025-10-25T17:03:42.1790000Z
361,0.9383277893066406,0.800000011920929,,1.3686294555664062,0.8,,,,,2025-10-25T17:03:43.4660000Z
362,1.2349891662597656,0.800000011920929,,1.8309310913085937,0.8,,,,,2025-10-25T17:03:44.7560000Z
363,1.2918821573257446,0.6000000238418579,,1.8035982131958008,0.8,,,,,2025-10-25T17:03:46.0610000Z
364,1.0363571643829346,0.800000011920929,,1.8216209411621094,0.8,,,,,2025-10-25T17:03:47.3790000Z
365,1.4986979961395264,0.6000000238418579,,1.593958282470703,0.8,,,,,2025-10-25T17:03:48.6790000Z
366,1.1105353832244873,0.800000011920929,,1.5677515029907227,0.8,,,,,2025-10-25T17:03:49.9920000Z
367,1.005906105041504,0.800000011920929,,1.6031679153442382,0.8,,,,,2025-10-25T17:03:51.3130000Z
368,0.7146396636962891,0.800000011920929,,1.4477031707763672,0.8,,,,,2025-10-25T17:03:52.6160000Z
369,0.8682258725166321,0.800000011920929,,1.239506721496582,0.8,,,,,2025-10-25T17:03:53.9360000Z
370,1.2265647649765015,0.800000011920929,,1.3242338180541993,0.8,,,,,2025-10-25T17:03:55.2810000Z
371,1.3503243923187256,0.6000000238418579,,1.448103904724121,0.8,,,,,2025-10-25T17:03:56.5830000Z
372,0.8769454956054688,0.800000011920929,,1.423185157775879,0.8,,,,,2025-10-25T17:03:57.8810000Z
373,0.8184139132499695,0.800000011920929,,1.3732618331909179,0.8,,,,,2025-10-25T17:03:59.1880000Z
374,2.487680435180664,0.6000000238418579,,1.4653974533081056,0.8,,,,,2025-10-25T17:04:00.5010000Z
375,0.9565849304199219,0.800000011920929,,1.2584453582763673,0.8,,,,,2025-10-25T17:04:01.8030000Z
376,1.56838059425354,0.6000000238418579,,1.1496601104736328,0.8,,,,,2025-10-25T17:04:03.1050000Z
377,1.5389211177825928,0.6000000238418579,,1.0635873794555664,0.8,,,,,2025-10-25T17:04:04.4010000Z
378,0.8738433718681335,0.800000011920929,,1.1039957046508788,0.8,,,,,2025-10-25T17:04:05.6970000Z
379,1.5261449813842773,0.6000000238418579,,1.0634170532226563,0.8,,,,,2025-10-25T17:04:06.9990000Z
380,0.7538654208183289,0.800000011920929,,1.169161605834961,0.8,,,,,2025-10-25T17:04:08.3380000Z
381,0.7393237948417664,0.800000011920929,,0.9210861206054688,1,,,,,2025-10-25T17:04:09.6460000Z
382,0.9471069574356079,0.800000011920929,,1.0735010147094726,0.8,,,,,2025-10-25T17:04:10.9880000Z
383,1.0545562505722046,0.800000011920929,,1.0129472732543945,0.8,,,,,2025-10-25T17:04:12.2930000Z
384,0.8222500085830688,0.800000011920929,,1.203618049621582,0.8,,,,,2025-10-25T17:04:13.5850000Z
385,1.8430395126342773,0.6000000238418579,,1.162006950378418,0.8,,,,,2025-10-25T17:04:14.8890000Z
386,0.7766887545585632,0.800000011920929,,1.1181022644042968,0.8,,,,,2025-10-25T17:04:16.1870000Z
387,1.3384240865707397,0.6000000238418579,,1.1753015518188477,0.8,,,,,2025-10-25T17:04:17.4810000Z
388,0.7132126092910767,0.800000011920929,,1.348271369934082,0.8,,,,,2025-10-25T17:04:18.7760000Z
389,0.9638134241104126,0.800000011920929,,1.2659257888793944,0.8,,,,,2025-10-25T17:04:20.0830000Z
390,0.8677127957344055,0.800000011920929,,1.4106584548950196,0.8,,,,,2025-10-25T17:04:21.4330000Z
391,1.7728500366210938,0.6000000238418579,,1.3698091506958008,0.8,,,,,2025-10-25T17:04:22.7280000Z
392,1.5192949771881104,0.6000000238418579,,1.1942773818969727,0.8,,,,,2025-10-25T17:04:24.0350000Z
393,0.6462764739990234,0.800000011920929,,1.2928098678588866,0.8,,,,,2025-10-25T17:04:25.3400000Z
394,1.0819905996322632,0.800000011920929,,1.396385383605957,0.8,,,,,2025-10-25T17:04:26.6700000Z
395,0.9309177398681641,0.800000011920929,,1.1581071853637694,0.8,,,,,2025-10-25T17:04:27.9770000Z
396,0.7617801427841187,0.800000011920929,,1.2523244857788085,0.8,,,,,2025-10-25T17:04:29.2810000Z
397,1.142081618309021,0.800000011920929,,1.1147279739379883,0.8,,,,,2025-10-25T17:04:30.5850000Z
398,1.2190402746200562,0.6000000238418579,,0.9994720458984375,0.8,,,,,2025-10-25T17:04:31.8780000Z
399,0.9086063504219055,0.800000011920929,,1.0746370315551759,0.8,,,,,2025-10-25T17:04:33.1690000Z
400,0.699807345867157,0.800000011920929,,1.072385597229004,0.8,,,,,2025-10-25T17:04:34.5220000Z
401,2.2310261726379395,0.6000000238418579,,0.9918668746948243,0.8,,,,,2025-10-25T17:04:35.8220000Z
402,1.5197674036026,0.6000000238418579,,1.396204948425293,0.8,,,,,2025-10-25T17:04:37.1210000Z
403,0.6744972467422485,0.800000011920929,,1.8030067443847657,0.8,,,,,2025-10-25T17:04:38.4050000Z
404,2.1358556747436523,0.6000000238418579,,1.722728157043457,0.8,,,,,2025-10-25T17:04:39.6980000Z
405,1.012424111366272,0.800000011920929,,1.4668725967407226,0.8,,,,,2025-10-25T17:04:41.0060000Z
406,1.1823056936264038,0.800000011920929,,1.4719818115234375,0.8,,,,,2025-10-25T17:04:42.3000000Z
407,0.6795604825019836,0.800000011920929,,1.3773670196533203,0.8,,,,,2025-10-25T17:04:43.5870000Z
408,1.3033149242401123,0.800000011920929,,1.237437629699707,0.8,,,,,2025-10-25T17:04:44.8870000Z
409,1.065643548965454,0.800000011920929,,1.0355655670166015,0.8,,,,,2025-10-25T17:04:46.1700000Z
410,0.9216213226318359,0.800000011920929,,1.1591020584106446,0.8,,,,,2025-10-25T17:04:47.5050000Z
411,0.8489124178886414,0.800000011920929,,1.1537286758422851,0.8,,,,,2025-10-25T17:04:48.7950000Z
412,1.4308897256851196,0.800000011920929,,1.146110725402832,0.8,,,,,2025-10-25T17:04:50.1110000Z
413,1.1179907321929932,0.800000011920929,,1.1161958694458007,0.8,,,,,2025-10-25T17:04:51.4330000Z
414,0.8928722143173218,0.800000011920929,,1.2111215591430664,0.8,,,,,2025-10-25T17:04:52.7350000Z
415,1.152600884437561,0.800000011920929,,1.1005590438842774,0.8,,,,,2025-10-25T17:04:54.0350000Z
416,1.2296135425567627,0.800000011920929,,1.0027517318725585,0.8,,,,,2025-10-25T17:04:55.3370000Z
417,1.6604013442993164,0.800000011920929,,1.0684303283691405,0.8,,,,,2025-10-25T17:04:56.6310000Z
418,0.7745105624198914,0.800000011920929,,1.0454679489135743,0.8,,,,,2025-10-25T17:04:57.9300000Z
419,0.8672771453857422,0.800000011920929,,0.9886867523193359,0.8,,,,,2025-10-25T17:04:59.2480000Z
420,0.8596733212471008,0.800000011920929,,1.1413387298583983,0.8,,,,,2025-10-25T17:05:00.5960000Z
421,0.7600971460342407,0.800000011920929,,0.8858875274658203,1,,,,,2025-10-25T17:05:01.9240000Z
422,0.9679313898086548,0.800000011920929,,1.044870376586914,0.8,,,,,2025-10-25T17:05:03.2520000Z
423,1.2198498249053955,0.6000000238418579,,1.0383930206298828,0.8,,,,,2025-10-25T17:05:04.5680000Z
424,1.8667428493499756,0.6000000238418579,,1.2623918533325196,0.8,,,,,2025-10-25T17:05:05.8810000Z
425,1.8475338220596313,0.6000000238418579,,1.182253074645996,0.8,,,,,2025-10-25T17:05:07.2010000Z
426,1.2290916442871094,0.800000011920929,,1.1416156768798829,0.8,,,,,2025-10-25T17:05:08.5040000Z
427,1.488776445388794,0.6000000238418579,,1.2212263107299806,0.8,,,,,2025-10-25T17:05:09.8090000Z
428,0.7625137567520142,0.800000011920929,,1.3280107498168945,0.8,,,,,2025-10-25T17:05:11.1270000Z
429,0.7240413427352905,0.800000011920929,,1.2371904373168945,0.8,,,,,2025-10-25T17:05:12.4320000Z
430,0.7683712244033813,0.800000011920929,,1.4052793502807617,0.8,,,,,2025-10-25T17:05:13.7870000Z
431,1.0462653636932373,0.800000011920929,,1.3466060638427735,0.8,,,,,2025-10-25T17:05:15.1030000Z
432,0.6176773309707642,0.800000011920929,,1.1801977157592773,0.8,,,,,2025-10-25T17:05:16.4080000Z
433,1.5944709777832031,0.6000000238418579,,1.2708892822265625,0.8,,,,,2025-10-25T17:05:17.6860000Z
434,0.7820846438407898,0.800000011920929,,1.3488187789916992,0.8,,,,,2025-10-25T17:05:18.9730000Z
435,0.5994182825088501,1,,1.1442882537841796,0.8,,,,,2025-10-25T17:05:20.2580000Z
436,1.3097397089004517,0.6000000238418579,,1.232856559753418,0.8,,,,,2025-10-25T17:05:21.5590000Z
437,1.1296780109405518,0.6000000238418579,,1.0963247299194336,0.8,,,,,2025-10-25T17:05:22.8480000Z
438,1.5925947427749634,0.6000000238418579,,0.9803651809692383,0.8,,,,,2025-10-25T17:05:24.1450000Z
439,1.5402196645736694,0.6000000238418579,,1.0500232696533203,0.8,,,,,2025-10-25T17:05:25.4320000Z
440,0.6169990301132202,0.800000011920929,,1.0370885848999023,0.8,,,,,2025-10-25T17:05:26.7720000Z
441,1.6285455226898193,0.6000000238418579,,1.173255157470703,0.8,,,,,2025-10-25T17:05:28.0490000Z
442,1.4664491415023804,0.6000000238418579,,1.5649728775024414,0.8,,,,,2025-10-25T17:05:29.3350000Z
443,0.9791259765625,0.800000011920929,,1.7754776000976562,0.8,,,,,2025-10-25T17:05:30.6140000Z
444,2.5123746395111084,0.6000000238418579,,1.6702293395996093,0.8,,,,,2025-10-25T17:05:31.9060000Z
445,1.8103001117706299,0.6000000238418579,,1.4460893630981446,0.8,,,,,2025-10-25T17:05:33.1870000Z
446,1.4122450351715088,0.6000000238418579,,1.4886634826660157,0.8,,,,,2025-10-25T17:05:34.4570000Z
447,0.823830783367157,0.800000011920929,,1.4329692840576171,0.8,,,,,2025-10-25T17:05:35.7470000Z
448,0.5034793615341187,1,,1.312861442565918,0.8,,,,,2025-10-25T17:05:37.0450000Z
449,0.7777652740478516,0.800000011920929,,1.060182762145996,0.8,,,,,2025-10-25T17:05:38.3180000Z
450,1.1582645177841187,0.800000011920929,,1.2185665130615235,0.8,,,,,2025-10-25T17:05:39.6510000Z
451,0.6528957486152649,0.800000011920929,,1.2309249877929687,0.8,,,,,2025-10-25T17:05:40.9780000Z
452,0.6729446649551392,0.800000011920929,,1.3019655227661133,0.8,,,,,2025-10-25T17:05:42.2970000Z
453,0.6755809783935547,0.800000011920929,,1.218178939819336,0.8,,,,,2025-10-25T17:05:43.5970000Z
454,0.6607383489608765,0.800000011920929,,1.2898069381713868,0.8,,,,,2025-10-25T17:05:44.8810000Z
455,1.0769010782241821,0.800000011920929,,1.1487771987915039,0.8,,,,,2025-10-25T17:05:46.1640000Z
456,0.9872699975967407,0.800000011920929,,1.0254335403442383,0.8,,,,,2025-10-25T17:05:47.4370000Z
457,1.0050420761108398,0.800000011920929,,1.0435520172119142,0.8,,,,,2025-10-25T17:05:48.7180000Z
458,0.7136551141738892,0.800000011920929,,1.0372611999511718,0.8,,,,,2025-10-25T17:05:50.0380000Z
459,1.0132156610488892,0.800000011920929,,0.9812049865722656,0.8,,,,,2025-10-25T17:05:51.3260000Z
460,0.9184093475341797,0.800000011920929,,1.1210498809814453,0.8,,,,,2025-10-25T17:05:52.6630000Z
461,0.5949462652206421,1,,0.8620738983154297,1,,,,,2025-10-25T17:05:53.9760000Z
462,0.9447669982910156,0.800000011920929,,1.0390708923339844,0.8,,,,,2025-10-25T17:05:55.2510000Z
463,0.7159210443496704,0.800000011920929,,1.0493003845214843,0.8,,,,,2025-10-25T17:05:56.5440000Z
464,1.1426067352294922,0.800000011920929,,1.3208053588867188,0.8,,,,,2025-10-25T17:05:57.8430000Z
465,0.701529324054718,0.800000011920929,,1.2073020935058594,0.8,,,,,2025-10-25T17:05:59.1570000Z
466,0.6793968081474304,0.800000011920929,,1.1781183242797852,0.8,,,,,2025-10-25T17:06:00.4620000Z
467,0.8228915929794312,0.800000011920929,,1.2655012130737304,0.8,,,,,2025-10-25T17:06:01.7550000Z
468,1.3595244884490967,0.6000000238418579,,1.429647445678711,0.8,,,,,2025-10-25T17:06:03.0680000Z
469,0.7607192993164062,0.800000011920929,,1.3308488845825195,0.8,,,,,2025-10-25T17:06:04.3710000Z
470,0.9498602151870728,0.800000011920929,,1.4679887771606446,0.8,,,,,2025-10-25T17:06:05.7220000Z
471,0.9309493899345398,0.800000011920929,,1.3982416152954102,0.8,,,,,2025-10-25T17:06:07.0100000Z
472,0.7201026678085327,0.800000011920929,,1.2219976425170898,0.8,,,,,2025-10-25T17:06:08.3030000Z
473,0.9457963705062866,0.800000011920929,,1.3127254486083983,0.8,,,,,2025-10-25T17:06:09.6110000Z
474,0.7442043423652649,0.800000011920929,,1.4448919296264648,0.8,,0.9973263216018676,0.805,,2025-10-25T17:06:11.9010000Z
